{"graph": {"_type": "graph-file", "sha256": "6ec1fbab85cb0235122518ef016f401d4f7d5980d1bb854ed2f887ef7af7fded", "size": 597, "path": "media/graph/graph_summary_6ec1fbab85cb02351225.graph.json"}, "epoch": 3, "_timestamp": 1682583274.8032825, "loss": 0.424721360206604, "accuracy": 0.8007019758224487, "val_loss": 0.42410218715667725, "val_accuracy": 0.8016949892044067, "_runtime": 123.2639753818512, "_step": 3, "best_val_loss": 0.42410218715667725, "best_epoch": 3, "_wandb": {"runtime": 120}}