{"graph": {"_type": "graph-file", "sha256": "0ef0f6045e60c6fb15fdbea01fd396b8f2fcce9eba8bb04545d827d7bc9e5451", "size": 590, "path": "media/graph/graph_summary_0ef0f6045e60c6fb15fd.graph.json"}, "epoch": 2, "_timestamp": 1682582359.593263, "loss": 0.40985190868377686, "accuracy": 0.8087124824523926, "val_loss": 0.40773794054985046, "val_accuracy": 0.810126006603241, "_runtime": 9947.1179728508, "_step": 62, "best_val_loss": 0.40521106123924255, "best_epoch": 19, "_wandb": {"runtime": 3017}}