{"epoch": 28, "_timestamp": 1682585646.6667461, "loss": 0.4027859568595886, "accuracy": 0.812030017375946, "val_loss": 0.4127573072910309, "val_accuracy": 0.807359516620636, "_runtime": 806.1253921985626, "_step": 28}