{"graph": {"_type": "graph-file", "sha256": "a3f389ef581a1a625c3b9469d1b96d7228cba0a477941e834dc1070485359fc5", "size": 597, "path": "media/graph/graph_summary_a3f389ef581a1a625c3b.graph.json"}, "epoch": 3, "_timestamp": 1682582655.1282747, "loss": 0.4182497560977936, "accuracy": 0.8031610250473022, "val_loss": 0.41829508543014526, "val_accuracy": 0.8033130168914795, "_runtime": 119.96586966514587, "_step": 3, "best_val_loss": 0.41829508543014526, "best_epoch": 3, "_wandb": {"runtime": 603}}