{"epoch": 684, "_timestamp": 1682645338.108225, "loss": 0.36402201652526855, "accuracy": 0.8370599746704102, "val_loss": 0.4200960099697113, "val_accuracy": 0.8157504796981812, "_runtime": 21653.024155139923, "_step": 684}