{"graph": {"_type": "graph-file", "sha256": "f869370fd94f83d1d09c6663148aee01f08e5454d5fa635a16e0cddd24cca2fa", "size": 597, "path": "media/graph/graph_summary_f869370fd94f83d1d09c.graph.json"}, "epoch": 3, "_timestamp": 1682584030.2663004, "loss": 0.4147813022136688, "accuracy": 0.805576503276825, "val_loss": 0.41476190090179443, "val_accuracy": 0.8057090044021606, "_runtime": 170.39351654052734, "_step": 3, "best_val_loss": 0.41476190090179443, "best_epoch": 3, "_wandb": {"runtime": 167}}