{"graph": {"_type": "graph-file", "sha256": "d88de173e9f42737486a5e67660f85d84bb9a12f77657666dcb94a2d2c04bcea", "size": 597, "path": "media/graph/graph_summary_d88de173e9f42737486a.graph.json"}, "epoch": 3, "_timestamp": 1682583850.598608, "loss": 0.42011499404907227, "accuracy": 0.8025670051574707, "val_loss": 0.42078906297683716, "val_accuracy": 0.8026224970817566, "_runtime": 122.63899302482605, "_step": 3, "best_val_loss": 0.42078906297683716, "best_epoch": 3, "_wandb": {"runtime": 119}}