{"epoch": 715, "_timestamp": 1682566481.6801324, "loss": 0.3565281629562378, "accuracy": 0.8409519791603088, "val_loss": 0.40923944115638733, "val_accuracy": 0.8202109932899475, "_runtime": 22470.858510494232, "_step": 715}