{"graph": {"_type": "graph-file", "sha256": "6c971ed5029ef2a83b67eadc35243e1169f6fb42d65435ac21598bb78e897681", "size": 597, "path": "media/graph/graph_summary_6c971ed5029ef2a83b67.graph.json"}, "epoch": 3, "_timestamp": 1682584251.8391492, "loss": 0.410878986120224, "accuracy": 0.8079664707183838, "val_loss": 0.41092851758003235, "val_accuracy": 0.8079469799995422, "_runtime": 213.46998119354248, "_step": 3, "best_val_loss": 0.41092851758003235, "best_epoch": 3, "_wandb": {"runtime": 209}}